#### THIS IS AN EXAMPLE FOR 5'GEX, V(D)J, and Antibody Capture Singleplex ####
# For full list of templates, see here: 
# https://www.10xgenomics.com/support/software/cell-ranger/latest/analysis/inputs/cr-multi-config-csv-opts

[gene-expression]
reference,/project2/tp_612_1653/resources/singlecell/refdata-gex-GRCh38-2024-A
create-bam,true

[vdj]
reference,/project2/tp_612_1653/resources/vdj/refdata-cellranger-vdj-GRCh38-alts-ensembl-7.1.0

[feature]
reference,/project2/tp_612_1653/Abou-el-Enein/Abou-el-Enein_20260914/run1/TotalSeq_C_Human_Universal_v2_399910_Antibody_reference_UMI_counting_cellranger.csv

[libraries]
fastq_id,fastqs,feature_types
B_Do004_GEX,/project2/tp_612_1653/Abou-el-Enein/Abou-el-Enein_20260914/fastqs,Gene Expression
B_Do004_TCR,/project2/tp_612_1653/Abou-el-Enein/Abou-el-Enein_20260914/fastqs,VDJ-T
B_Do004_CellSurfaceProtein,/project2/tp_612_1653/Abou-el-Enein/Abou-el-Enein_20260914/fastqs,Antibody Capture
